German_Bank.csv,1000, ,20, ,2, ,300, ,700, 
anneal_0_1.csv,107, ,38, ,2, ,8, ,99, 
anneal_0_2.csv,692, ,38, ,2, ,8, ,684, 
anneal_0_3.csv,75, ,38, ,2, ,8, ,67, 
anneal_0_4.csv,48, ,38, ,2, ,8, ,40, 
anneal_1_2.csv,783, ,38, ,2, ,99, ,684, 
anneal_1_3.csv,166, ,38, ,2, ,99, ,67, 
anneal_1_4.csv,139, ,38, ,2, ,99, ,40, 
anneal_2_3.csv,751, ,38, ,2, ,684, ,67, 
anneal_2_4.csv,724, ,38, ,2, ,684, ,40, 
anneal_3_4.csv,107, ,38, ,2, ,67, ,40, 
breast-cancer.csv,277, ,9, ,2, ,196, ,81, 
breast-w.csv,683, ,9, ,2, ,444, ,239, 
car_0_1.csv,1594, ,6, ,2, ,1210, ,384, 
car_0_2.csv,1279, ,6, ,2, ,1210, ,69, 
car_0_3.csv,1275, ,6, ,2, ,1210, ,65, 
car_1_2.csv,453, ,6, ,2, ,384, ,69, 
car_1_3.csv,449, ,6, ,2, ,384, ,65, 
car_2_3.csv,134, ,6, ,2, ,69, ,65, 
clean1.csv,476, ,166, ,2, ,269, ,207, 
cmc_0_1.csv,962, ,9, ,2, ,629, ,333, 
cmc_0_2.csv,1140, ,9, ,2, ,629, ,511, 
cmc_1_2.csv,844, ,9, ,2, ,333, ,511, 
credit-a.csv,653, ,15, ,2, ,296, ,357, 
credit-g.csv,1000, ,20, ,2, ,700, ,300, 
credit6000_126.csv,6000, ,65, ,2, ,5040, ,960, 
cylinder-bands.csv,277, ,39, ,2, ,99, ,178, 
diabetes.csv,768, ,8, ,2, ,500, ,268, 
haberman.csv,306, ,3, ,2, ,225, ,81, 
heart-statlog.csv,270, ,13, ,2, ,150, ,120, 
hepatitis.csv,80, ,19, ,2, ,13, ,67, 
ionosphere.csv,351, ,34, ,2, ,126, ,225, 
iris_0_1.csv,100, ,4, ,2, ,50, ,50, 
iris_0_2.csv,100, ,4, ,2, ,50, ,50, 
iris_1_2.csv,100, ,4, ,2, ,50, ,50, 
kr-vs-kp.csv,3196, ,36, ,2, ,1669, ,1527, 
letter_0_1.csv,1555, ,16, ,2, ,789, ,766, 
letter_0_10.csv,1528, ,16, ,2, ,789, ,739, 
letter_0_11.csv,1550, ,16, ,2, ,789, ,761, 
letter_0_12.csv,1581, ,16, ,2, ,789, ,792, 
letter_0_13.csv,1572, ,16, ,2, ,789, ,783, 
letter_0_14.csv,1542, ,16, ,2, ,789, ,753, 
letter_0_15.csv,1592, ,16, ,2, ,789, ,803, 
letter_0_16.csv,1572, ,16, ,2, ,789, ,783, 
letter_0_17.csv,1547, ,16, ,2, ,789, ,758, 
letter_0_18.csv,1537, ,16, ,2, ,789, ,748, 
letter_0_19.csv,1585, ,16, ,2, ,789, ,796, 
letter_0_2.csv,1525, ,16, ,2, ,789, ,736, 
letter_0_20.csv,1602, ,16, ,2, ,789, ,813, 
letter_0_21.csv,1553, ,16, ,2, ,789, ,764, 
letter_0_22.csv,1541, ,16, ,2, ,789, ,752, 
letter_0_23.csv,1576, ,16, ,2, ,789, ,787, 
letter_0_24.csv,1575, ,16, ,2, ,789, ,786, 
letter_0_25.csv,1523, ,16, ,2, ,789, ,734, 
letter_0_3.csv,1594, ,16, ,2, ,789, ,805, 
letter_0_4.csv,1557, ,16, ,2, ,789, ,768, 
letter_0_5.csv,1564, ,16, ,2, ,789, ,775, 
letter_0_6.csv,1562, ,16, ,2, ,789, ,773, 
letter_0_7.csv,1523, ,16, ,2, ,789, ,734, 
letter_0_8.csv,1544, ,16, ,2, ,789, ,755, 
letter_0_9.csv,1536, ,16, ,2, ,789, ,747, 
letter_10_11.csv,1500, ,16, ,2, ,739, ,761, 
letter_10_12.csv,1531, ,16, ,2, ,739, ,792, 
letter_10_13.csv,1522, ,16, ,2, ,739, ,783, 
letter_10_14.csv,1492, ,16, ,2, ,739, ,753, 
letter_10_15.csv,1542, ,16, ,2, ,739, ,803, 
letter_10_16.csv,1522, ,16, ,2, ,739, ,783, 
letter_10_17.csv,1497, ,16, ,2, ,739, ,758, 
letter_10_18.csv,1487, ,16, ,2, ,739, ,748, 
letter_10_19.csv,1535, ,16, ,2, ,739, ,796, 
letter_10_20.csv,1552, ,16, ,2, ,739, ,813, 
letter_10_21.csv,1503, ,16, ,2, ,739, ,764, 
letter_10_22.csv,1491, ,16, ,2, ,739, ,752, 
letter_10_23.csv,1526, ,16, ,2, ,739, ,787, 
letter_10_24.csv,1525, ,16, ,2, ,739, ,786, 
letter_10_25.csv,1473, ,16, ,2, ,739, ,734, 
letter_11_12.csv,1553, ,16, ,2, ,761, ,792, 
letter_11_13.csv,1544, ,16, ,2, ,761, ,783, 
letter_11_14.csv,1514, ,16, ,2, ,761, ,753, 
letter_11_15.csv,1564, ,16, ,2, ,761, ,803, 
letter_11_16.csv,1544, ,16, ,2, ,761, ,783, 
letter_11_17.csv,1519, ,16, ,2, ,761, ,758, 
letter_11_18.csv,1509, ,16, ,2, ,761, ,748, 
letter_11_19.csv,1557, ,16, ,2, ,761, ,796, 
letter_11_20.csv,1574, ,16, ,2, ,761, ,813, 
letter_11_21.csv,1525, ,16, ,2, ,761, ,764, 
letter_11_22.csv,1513, ,16, ,2, ,761, ,752, 
letter_11_23.csv,1548, ,16, ,2, ,761, ,787, 
letter_11_24.csv,1547, ,16, ,2, ,761, ,786, 
letter_11_25.csv,1495, ,16, ,2, ,761, ,734, 
letter_12_13.csv,1575, ,16, ,2, ,792, ,783, 
letter_12_14.csv,1545, ,16, ,2, ,792, ,753, 
letter_12_15.csv,1595, ,16, ,2, ,792, ,803, 
letter_12_16.csv,1575, ,16, ,2, ,792, ,783, 
letter_12_17.csv,1550, ,16, ,2, ,792, ,758, 
letter_12_18.csv,1540, ,16, ,2, ,792, ,748, 
letter_12_19.csv,1588, ,16, ,2, ,792, ,796, 
letter_12_20.csv,1605, ,16, ,2, ,792, ,813, 
letter_12_21.csv,1556, ,16, ,2, ,792, ,764, 
letter_12_22.csv,1544, ,16, ,2, ,792, ,752, 
letter_12_23.csv,1579, ,16, ,2, ,792, ,787, 
letter_12_24.csv,1578, ,16, ,2, ,792, ,786, 
letter_12_25.csv,1526, ,16, ,2, ,792, ,734, 
letter_13_14.csv,1536, ,16, ,2, ,783, ,753, 
letter_13_15.csv,1586, ,16, ,2, ,783, ,803, 
letter_13_16.csv,1566, ,16, ,2, ,783, ,783, 
letter_13_17.csv,1541, ,16, ,2, ,783, ,758, 
letter_13_18.csv,1531, ,16, ,2, ,783, ,748, 
letter_13_19.csv,1579, ,16, ,2, ,783, ,796, 
letter_13_20.csv,1596, ,16, ,2, ,783, ,813, 
letter_13_21.csv,1547, ,16, ,2, ,783, ,764, 
letter_13_22.csv,1535, ,16, ,2, ,783, ,752, 
letter_13_23.csv,1570, ,16, ,2, ,783, ,787, 
letter_13_24.csv,1569, ,16, ,2, ,783, ,786, 
letter_13_25.csv,1517, ,16, ,2, ,783, ,734, 
letter_14_15.csv,1556, ,16, ,2, ,753, ,803, 
letter_14_16.csv,1536, ,16, ,2, ,753, ,783, 
letter_14_17.csv,1511, ,16, ,2, ,753, ,758, 
letter_14_18.csv,1501, ,16, ,2, ,753, ,748, 
letter_14_19.csv,1549, ,16, ,2, ,753, ,796, 
letter_14_20.csv,1566, ,16, ,2, ,753, ,813, 
letter_14_21.csv,1517, ,16, ,2, ,753, ,764, 
letter_14_22.csv,1505, ,16, ,2, ,753, ,752, 
letter_14_23.csv,1540, ,16, ,2, ,753, ,787, 
letter_14_24.csv,1539, ,16, ,2, ,753, ,786, 
letter_14_25.csv,1487, ,16, ,2, ,753, ,734, 
letter_15_16.csv,1586, ,16, ,2, ,803, ,783, 
letter_15_17.csv,1561, ,16, ,2, ,803, ,758, 
letter_15_18.csv,1551, ,16, ,2, ,803, ,748, 
letter_15_19.csv,1599, ,16, ,2, ,803, ,796, 
letter_15_20.csv,1616, ,16, ,2, ,803, ,813, 
letter_15_21.csv,1567, ,16, ,2, ,803, ,764, 
letter_15_22.csv,1555, ,16, ,2, ,803, ,752, 
letter_15_23.csv,1590, ,16, ,2, ,803, ,787, 
letter_15_24.csv,1589, ,16, ,2, ,803, ,786, 
letter_15_25.csv,1537, ,16, ,2, ,803, ,734, 
letter_16_17.csv,1541, ,16, ,2, ,783, ,758, 
letter_16_18.csv,1531, ,16, ,2, ,783, ,748, 
letter_16_19.csv,1579, ,16, ,2, ,783, ,796, 
letter_16_20.csv,1596, ,16, ,2, ,783, ,813, 
letter_16_21.csv,1547, ,16, ,2, ,783, ,764, 
letter_16_22.csv,1535, ,16, ,2, ,783, ,752, 
letter_16_23.csv,1570, ,16, ,2, ,783, ,787, 
letter_16_24.csv,1569, ,16, ,2, ,783, ,786, 
letter_16_25.csv,1517, ,16, ,2, ,783, ,734, 
letter_17_18.csv,1506, ,16, ,2, ,758, ,748, 
letter_17_19.csv,1554, ,16, ,2, ,758, ,796, 
letter_17_20.csv,1571, ,16, ,2, ,758, ,813, 
letter_17_21.csv,1522, ,16, ,2, ,758, ,764, 
letter_17_22.csv,1510, ,16, ,2, ,758, ,752, 
letter_17_23.csv,1545, ,16, ,2, ,758, ,787, 
letter_17_24.csv,1544, ,16, ,2, ,758, ,786, 
letter_17_25.csv,1492, ,16, ,2, ,758, ,734, 
letter_18_19.csv,1544, ,16, ,2, ,748, ,796, 
letter_18_20.csv,1561, ,16, ,2, ,748, ,813, 
letter_18_21.csv,1512, ,16, ,2, ,748, ,764, 
letter_18_22.csv,1500, ,16, ,2, ,748, ,752, 
letter_18_23.csv,1535, ,16, ,2, ,748, ,787, 
letter_18_24.csv,1534, ,16, ,2, ,748, ,786, 
letter_18_25.csv,1482, ,16, ,2, ,748, ,734, 
letter_19_20.csv,1609, ,16, ,2, ,796, ,813, 
letter_19_21.csv,1560, ,16, ,2, ,796, ,764, 
letter_19_22.csv,1548, ,16, ,2, ,796, ,752, 
letter_19_23.csv,1583, ,16, ,2, ,796, ,787, 
letter_19_24.csv,1582, ,16, ,2, ,796, ,786, 
letter_19_25.csv,1530, ,16, ,2, ,796, ,734, 
letter_1_10.csv,1505, ,16, ,2, ,766, ,739, 
letter_1_11.csv,1527, ,16, ,2, ,766, ,761, 
letter_1_12.csv,1558, ,16, ,2, ,766, ,792, 
letter_1_13.csv,1549, ,16, ,2, ,766, ,783, 
letter_1_14.csv,1519, ,16, ,2, ,766, ,753, 
letter_1_15.csv,1569, ,16, ,2, ,766, ,803, 
letter_1_16.csv,1549, ,16, ,2, ,766, ,783, 
letter_1_17.csv,1524, ,16, ,2, ,766, ,758, 
letter_1_18.csv,1514, ,16, ,2, ,766, ,748, 
letter_1_19.csv,1562, ,16, ,2, ,766, ,796, 
letter_1_2.csv,1502, ,16, ,2, ,766, ,736, 
letter_1_20.csv,1579, ,16, ,2, ,766, ,813, 
letter_1_21.csv,1530, ,16, ,2, ,766, ,764, 
letter_1_22.csv,1518, ,16, ,2, ,766, ,752, 
letter_1_23.csv,1553, ,16, ,2, ,766, ,787, 
letter_1_24.csv,1552, ,16, ,2, ,766, ,786, 
letter_1_25.csv,1500, ,16, ,2, ,766, ,734, 
letter_1_3.csv,1571, ,16, ,2, ,766, ,805, 
letter_1_4.csv,1534, ,16, ,2, ,766, ,768, 
letter_1_5.csv,1541, ,16, ,2, ,766, ,775, 
letter_1_6.csv,1539, ,16, ,2, ,766, ,773, 
letter_1_7.csv,1500, ,16, ,2, ,766, ,734, 
letter_1_8.csv,1521, ,16, ,2, ,766, ,755, 
letter_1_9.csv,1513, ,16, ,2, ,766, ,747, 
letter_20_21.csv,1577, ,16, ,2, ,813, ,764, 
letter_20_22.csv,1565, ,16, ,2, ,813, ,752, 
letter_20_23.csv,1600, ,16, ,2, ,813, ,787, 
letter_20_24.csv,1599, ,16, ,2, ,813, ,786, 
letter_20_25.csv,1547, ,16, ,2, ,813, ,734, 
letter_21_22.csv,1516, ,16, ,2, ,764, ,752, 
letter_21_23.csv,1551, ,16, ,2, ,764, ,787, 
letter_21_24.csv,1550, ,16, ,2, ,764, ,786, 
letter_21_25.csv,1498, ,16, ,2, ,764, ,734, 
letter_22_23.csv,1539, ,16, ,2, ,752, ,787, 
letter_22_24.csv,1538, ,16, ,2, ,752, ,786, 
letter_22_25.csv,1486, ,16, ,2, ,752, ,734, 
letter_23_24.csv,1573, ,16, ,2, ,787, ,786, 
letter_23_25.csv,1521, ,16, ,2, ,787, ,734, 
letter_24_25.csv,1520, ,16, ,2, ,786, ,734, 
letter_2_10.csv,1475, ,16, ,2, ,736, ,739, 
letter_2_11.csv,1497, ,16, ,2, ,736, ,761, 
letter_2_12.csv,1528, ,16, ,2, ,736, ,792, 
letter_2_13.csv,1519, ,16, ,2, ,736, ,783, 
letter_2_14.csv,1489, ,16, ,2, ,736, ,753, 
letter_2_15.csv,1539, ,16, ,2, ,736, ,803, 
letter_2_16.csv,1519, ,16, ,2, ,736, ,783, 
letter_2_17.csv,1494, ,16, ,2, ,736, ,758, 
letter_2_18.csv,1484, ,16, ,2, ,736, ,748, 
letter_2_19.csv,1532, ,16, ,2, ,736, ,796, 
letter_2_20.csv,1549, ,16, ,2, ,736, ,813, 
letter_2_21.csv,1500, ,16, ,2, ,736, ,764, 
letter_2_22.csv,1488, ,16, ,2, ,736, ,752, 
letter_2_23.csv,1523, ,16, ,2, ,736, ,787, 
letter_2_24.csv,1522, ,16, ,2, ,736, ,786, 
letter_2_25.csv,1470, ,16, ,2, ,736, ,734, 
letter_2_3.csv,1541, ,16, ,2, ,736, ,805, 
letter_2_4.csv,1504, ,16, ,2, ,736, ,768, 
letter_2_5.csv,1511, ,16, ,2, ,736, ,775, 
letter_2_6.csv,1509, ,16, ,2, ,736, ,773, 
letter_2_7.csv,1470, ,16, ,2, ,736, ,734, 
letter_2_8.csv,1491, ,16, ,2, ,736, ,755, 
letter_2_9.csv,1483, ,16, ,2, ,736, ,747, 
letter_3_10.csv,1544, ,16, ,2, ,805, ,739, 
letter_3_11.csv,1566, ,16, ,2, ,805, ,761, 
letter_3_12.csv,1597, ,16, ,2, ,805, ,792, 
letter_3_13.csv,1588, ,16, ,2, ,805, ,783, 
letter_3_14.csv,1558, ,16, ,2, ,805, ,753, 
letter_3_15.csv,1608, ,16, ,2, ,805, ,803, 
letter_3_16.csv,1588, ,16, ,2, ,805, ,783, 
letter_3_17.csv,1563, ,16, ,2, ,805, ,758, 
letter_3_18.csv,1553, ,16, ,2, ,805, ,748, 
letter_3_19.csv,1601, ,16, ,2, ,805, ,796, 
letter_3_20.csv,1618, ,16, ,2, ,805, ,813, 
letter_3_21.csv,1569, ,16, ,2, ,805, ,764, 
letter_3_22.csv,1557, ,16, ,2, ,805, ,752, 
letter_3_23.csv,1592, ,16, ,2, ,805, ,787, 
letter_3_24.csv,1591, ,16, ,2, ,805, ,786, 
letter_3_25.csv,1539, ,16, ,2, ,805, ,734, 
letter_3_4.csv,1573, ,16, ,2, ,805, ,768, 
letter_3_5.csv,1580, ,16, ,2, ,805, ,775, 
letter_3_6.csv,1578, ,16, ,2, ,805, ,773, 
letter_3_7.csv,1539, ,16, ,2, ,805, ,734, 
letter_3_8.csv,1560, ,16, ,2, ,805, ,755, 
letter_3_9.csv,1552, ,16, ,2, ,805, ,747, 
letter_4_10.csv,1507, ,16, ,2, ,768, ,739, 
letter_4_11.csv,1529, ,16, ,2, ,768, ,761, 
letter_4_12.csv,1560, ,16, ,2, ,768, ,792, 
letter_4_13.csv,1551, ,16, ,2, ,768, ,783, 
letter_4_14.csv,1521, ,16, ,2, ,768, ,753, 
letter_4_15.csv,1571, ,16, ,2, ,768, ,803, 
letter_4_16.csv,1551, ,16, ,2, ,768, ,783, 
letter_4_17.csv,1526, ,16, ,2, ,768, ,758, 
letter_4_18.csv,1516, ,16, ,2, ,768, ,748, 
letter_4_19.csv,1564, ,16, ,2, ,768, ,796, 
letter_4_20.csv,1581, ,16, ,2, ,768, ,813, 
letter_4_21.csv,1532, ,16, ,2, ,768, ,764, 
letter_4_22.csv,1520, ,16, ,2, ,768, ,752, 
letter_4_23.csv,1555, ,16, ,2, ,768, ,787, 
letter_4_24.csv,1554, ,16, ,2, ,768, ,786, 
letter_4_25.csv,1502, ,16, ,2, ,768, ,734, 
letter_4_5.csv,1543, ,16, ,2, ,768, ,775, 
letter_4_6.csv,1541, ,16, ,2, ,768, ,773, 
letter_4_7.csv,1502, ,16, ,2, ,768, ,734, 
letter_4_8.csv,1523, ,16, ,2, ,768, ,755, 
letter_4_9.csv,1515, ,16, ,2, ,768, ,747, 
letter_5_10.csv,1514, ,16, ,2, ,775, ,739, 
letter_5_11.csv,1536, ,16, ,2, ,775, ,761, 
letter_5_12.csv,1567, ,16, ,2, ,775, ,792, 
letter_5_13.csv,1558, ,16, ,2, ,775, ,783, 
letter_5_14.csv,1528, ,16, ,2, ,775, ,753, 
letter_5_15.csv,1578, ,16, ,2, ,775, ,803, 
letter_5_16.csv,1558, ,16, ,2, ,775, ,783, 
letter_5_17.csv,1533, ,16, ,2, ,775, ,758, 
letter_5_18.csv,1523, ,16, ,2, ,775, ,748, 
letter_5_19.csv,1571, ,16, ,2, ,775, ,796, 
letter_5_20.csv,1588, ,16, ,2, ,775, ,813, 
letter_5_21.csv,1539, ,16, ,2, ,775, ,764, 
letter_5_22.csv,1527, ,16, ,2, ,775, ,752, 
letter_5_23.csv,1562, ,16, ,2, ,775, ,787, 
letter_5_24.csv,1561, ,16, ,2, ,775, ,786, 
letter_5_25.csv,1509, ,16, ,2, ,775, ,734, 
letter_5_6.csv,1548, ,16, ,2, ,775, ,773, 
letter_5_7.csv,1509, ,16, ,2, ,775, ,734, 
letter_5_8.csv,1530, ,16, ,2, ,775, ,755, 
letter_5_9.csv,1522, ,16, ,2, ,775, ,747, 
letter_6_10.csv,1512, ,16, ,2, ,773, ,739, 
letter_6_11.csv,1534, ,16, ,2, ,773, ,761, 
letter_6_12.csv,1565, ,16, ,2, ,773, ,792, 
letter_6_13.csv,1556, ,16, ,2, ,773, ,783, 
letter_6_14.csv,1526, ,16, ,2, ,773, ,753, 
letter_6_15.csv,1576, ,16, ,2, ,773, ,803, 
letter_6_16.csv,1556, ,16, ,2, ,773, ,783, 
letter_6_17.csv,1531, ,16, ,2, ,773, ,758, 
letter_6_18.csv,1521, ,16, ,2, ,773, ,748, 
letter_6_19.csv,1569, ,16, ,2, ,773, ,796, 
letter_6_20.csv,1586, ,16, ,2, ,773, ,813, 
letter_6_21.csv,1537, ,16, ,2, ,773, ,764, 
letter_6_22.csv,1525, ,16, ,2, ,773, ,752, 
letter_6_23.csv,1560, ,16, ,2, ,773, ,787, 
letter_6_24.csv,1559, ,16, ,2, ,773, ,786, 
letter_6_25.csv,1507, ,16, ,2, ,773, ,734, 
letter_6_7.csv,1507, ,16, ,2, ,773, ,734, 
letter_6_8.csv,1528, ,16, ,2, ,773, ,755, 
letter_6_9.csv,1520, ,16, ,2, ,773, ,747, 
letter_7_10.csv,1473, ,16, ,2, ,734, ,739, 
letter_7_11.csv,1495, ,16, ,2, ,734, ,761, 
letter_7_12.csv,1526, ,16, ,2, ,734, ,792, 
letter_7_13.csv,1517, ,16, ,2, ,734, ,783, 
letter_7_14.csv,1487, ,16, ,2, ,734, ,753, 
letter_7_15.csv,1537, ,16, ,2, ,734, ,803, 
letter_7_16.csv,1517, ,16, ,2, ,734, ,783, 
letter_7_17.csv,1492, ,16, ,2, ,734, ,758, 
letter_7_18.csv,1482, ,16, ,2, ,734, ,748, 
letter_7_19.csv,1530, ,16, ,2, ,734, ,796, 
letter_7_20.csv,1547, ,16, ,2, ,734, ,813, 
letter_7_21.csv,1498, ,16, ,2, ,734, ,764, 
letter_7_22.csv,1486, ,16, ,2, ,734, ,752, 
letter_7_23.csv,1521, ,16, ,2, ,734, ,787, 
letter_7_24.csv,1520, ,16, ,2, ,734, ,786, 
letter_7_25.csv,1468, ,16, ,2, ,734, ,734, 
letter_7_8.csv,1489, ,16, ,2, ,734, ,755, 
letter_7_9.csv,1481, ,16, ,2, ,734, ,747, 
letter_8_10.csv,1494, ,16, ,2, ,755, ,739, 
letter_8_11.csv,1516, ,16, ,2, ,755, ,761, 
letter_8_12.csv,1547, ,16, ,2, ,755, ,792, 
letter_8_13.csv,1538, ,16, ,2, ,755, ,783, 
letter_8_14.csv,1508, ,16, ,2, ,755, ,753, 
letter_8_15.csv,1558, ,16, ,2, ,755, ,803, 
letter_8_16.csv,1538, ,16, ,2, ,755, ,783, 
letter_8_17.csv,1513, ,16, ,2, ,755, ,758, 
letter_8_18.csv,1503, ,16, ,2, ,755, ,748, 
letter_8_19.csv,1551, ,16, ,2, ,755, ,796, 
letter_8_20.csv,1568, ,16, ,2, ,755, ,813, 
letter_8_21.csv,1519, ,16, ,2, ,755, ,764, 
letter_8_22.csv,1507, ,16, ,2, ,755, ,752, 
letter_8_23.csv,1542, ,16, ,2, ,755, ,787, 
letter_8_24.csv,1541, ,16, ,2, ,755, ,786, 
letter_8_25.csv,1489, ,16, ,2, ,755, ,734, 
letter_8_9.csv,1502, ,16, ,2, ,755, ,747, 
letter_9_10.csv,1486, ,16, ,2, ,747, ,739, 
letter_9_11.csv,1508, ,16, ,2, ,747, ,761, 
letter_9_12.csv,1539, ,16, ,2, ,747, ,792, 
letter_9_13.csv,1530, ,16, ,2, ,747, ,783, 
letter_9_14.csv,1500, ,16, ,2, ,747, ,753, 
letter_9_15.csv,1550, ,16, ,2, ,747, ,803, 
letter_9_16.csv,1530, ,16, ,2, ,747, ,783, 
letter_9_17.csv,1505, ,16, ,2, ,747, ,758, 
letter_9_18.csv,1495, ,16, ,2, ,747, ,748, 
letter_9_19.csv,1543, ,16, ,2, ,747, ,796, 
letter_9_20.csv,1560, ,16, ,2, ,747, ,813, 
letter_9_21.csv,1511, ,16, ,2, ,747, ,764, 
letter_9_22.csv,1499, ,16, ,2, ,747, ,752, 
letter_9_23.csv,1534, ,16, ,2, ,747, ,787, 
letter_9_24.csv,1533, ,16, ,2, ,747, ,786, 
letter_9_25.csv,1481, ,16, ,2, ,747, ,734, 
liver-disorders.csv,345, ,6, ,2, ,145, ,200, 
mfeat-factors_0_1.csv,400, ,216, ,2, ,200, ,200, 
mfeat-factors_0_2.csv,400, ,216, ,2, ,200, ,200, 
mfeat-factors_0_3.csv,400, ,216, ,2, ,200, ,200, 
mfeat-factors_0_4.csv,400, ,216, ,2, ,200, ,200, 
mfeat-factors_0_5.csv,400, ,216, ,2, ,200, ,200, 
mfeat-factors_0_6.csv,400, ,216, ,2, ,200, ,200, 
mfeat-factors_0_7.csv,400, ,216, ,2, ,200, ,200, 
mfeat-factors_0_8.csv,400, ,216, ,2, ,200, ,200, 
mfeat-factors_0_9.csv,400, ,216, ,2, ,200, ,200, 
mfeat-factors_1_2.csv,400, ,216, ,2, ,200, ,200, 
mfeat-factors_1_3.csv,400, ,216, ,2, ,200, ,200, 
mfeat-factors_1_4.csv,400, ,216, ,2, ,200, ,200, 
mfeat-factors_1_5.csv,400, ,216, ,2, ,200, ,200, 
mfeat-factors_1_6.csv,400, ,216, ,2, ,200, ,200, 
mfeat-factors_1_7.csv,400, ,216, ,2, ,200, ,200, 
mfeat-factors_1_8.csv,400, ,216, ,2, ,200, ,200, 
mfeat-factors_1_9.csv,400, ,216, ,2, ,200, ,200, 
mfeat-factors_2_3.csv,400, ,216, ,2, ,200, ,200, 
mfeat-factors_2_4.csv,400, ,216, ,2, ,200, ,200, 
mfeat-factors_2_5.csv,400, ,216, ,2, ,200, ,200, 
mfeat-factors_2_6.csv,400, ,216, ,2, ,200, ,200, 
mfeat-factors_2_7.csv,400, ,216, ,2, ,200, ,200, 
mfeat-factors_2_8.csv,400, ,216, ,2, ,200, ,200, 
mfeat-factors_2_9.csv,400, ,216, ,2, ,200, ,200, 
mfeat-factors_3_4.csv,400, ,216, ,2, ,200, ,200, 
mfeat-factors_3_5.csv,400, ,216, ,2, ,200, ,200, 
mfeat-factors_3_6.csv,400, ,216, ,2, ,200, ,200, 
mfeat-factors_3_7.csv,400, ,216, ,2, ,200, ,200, 
mfeat-factors_3_8.csv,400, ,216, ,2, ,200, ,200, 
mfeat-factors_3_9.csv,400, ,216, ,2, ,200, ,200, 
mfeat-factors_4_5.csv,400, ,216, ,2, ,200, ,200, 
mfeat-factors_4_6.csv,400, ,216, ,2, ,200, ,200, 
mfeat-factors_4_7.csv,400, ,216, ,2, ,200, ,200, 
mfeat-factors_4_8.csv,400, ,216, ,2, ,200, ,200, 
mfeat-factors_4_9.csv,400, ,216, ,2, ,200, ,200, 
mfeat-factors_5_6.csv,400, ,216, ,2, ,200, ,200, 
mfeat-factors_5_7.csv,400, ,216, ,2, ,200, ,200, 
mfeat-factors_5_8.csv,400, ,216, ,2, ,200, ,200, 
mfeat-factors_5_9.csv,400, ,216, ,2, ,200, ,200, 
mfeat-factors_6_7.csv,400, ,216, ,2, ,200, ,200, 
mfeat-factors_6_8.csv,400, ,216, ,2, ,200, ,200, 
mfeat-factors_6_9.csv,400, ,216, ,2, ,200, ,200, 
mfeat-factors_7_8.csv,400, ,216, ,2, ,200, ,200, 
mfeat-factors_7_9.csv,400, ,216, ,2, ,200, ,200, 
mfeat-factors_8_9.csv,400, ,216, ,2, ,200, ,200, 
mfeat-fourier_0_1.csv,400, ,76, ,2, ,200, ,200, 
mfeat-fourier_0_2.csv,400, ,76, ,2, ,200, ,200, 
mfeat-fourier_0_3.csv,400, ,76, ,2, ,200, ,200, 
mfeat-fourier_0_4.csv,400, ,76, ,2, ,200, ,200, 
mfeat-fourier_0_5.csv,400, ,76, ,2, ,200, ,200, 
mfeat-fourier_0_6.csv,400, ,76, ,2, ,200, ,200, 
mfeat-fourier_0_7.csv,400, ,76, ,2, ,200, ,200, 
mfeat-fourier_0_8.csv,400, ,76, ,2, ,200, ,200, 
mfeat-fourier_0_9.csv,400, ,76, ,2, ,200, ,200, 
mfeat-fourier_1_2.csv,400, ,76, ,2, ,200, ,200, 
mfeat-fourier_1_3.csv,400, ,76, ,2, ,200, ,200, 
mfeat-fourier_1_4.csv,400, ,76, ,2, ,200, ,200, 
mfeat-fourier_1_5.csv,400, ,76, ,2, ,200, ,200, 
mfeat-fourier_1_6.csv,400, ,76, ,2, ,200, ,200, 
mfeat-fourier_1_7.csv,400, ,76, ,2, ,200, ,200, 
mfeat-fourier_1_8.csv,400, ,76, ,2, ,200, ,200, 
mfeat-fourier_1_9.csv,400, ,76, ,2, ,200, ,200, 
mfeat-fourier_2_3.csv,400, ,76, ,2, ,200, ,200, 
mfeat-fourier_2_4.csv,400, ,76, ,2, ,200, ,200, 
mfeat-fourier_2_5.csv,400, ,76, ,2, ,200, ,200, 
mfeat-fourier_2_6.csv,400, ,76, ,2, ,200, ,200, 
mfeat-fourier_2_7.csv,400, ,76, ,2, ,200, ,200, 
mfeat-fourier_2_8.csv,400, ,76, ,2, ,200, ,200, 
mfeat-fourier_2_9.csv,400, ,76, ,2, ,200, ,200, 
mfeat-fourier_3_4.csv,400, ,76, ,2, ,200, ,200, 
mfeat-fourier_3_5.csv,400, ,76, ,2, ,200, ,200, 
mfeat-fourier_3_6.csv,400, ,76, ,2, ,200, ,200, 
mfeat-fourier_3_7.csv,400, ,76, ,2, ,200, ,200, 
mfeat-fourier_3_8.csv,400, ,76, ,2, ,200, ,200, 
mfeat-fourier_3_9.csv,400, ,76, ,2, ,200, ,200, 
mfeat-fourier_4_5.csv,400, ,76, ,2, ,200, ,200, 
mfeat-fourier_4_6.csv,400, ,76, ,2, ,200, ,200, 
mfeat-fourier_4_7.csv,400, ,76, ,2, ,200, ,200, 
mfeat-fourier_4_8.csv,400, ,76, ,2, ,200, ,200, 
mfeat-fourier_4_9.csv,400, ,76, ,2, ,200, ,200, 
mfeat-fourier_5_6.csv,400, ,76, ,2, ,200, ,200, 
mfeat-fourier_5_7.csv,400, ,76, ,2, ,200, ,200, 
mfeat-fourier_5_8.csv,400, ,76, ,2, ,200, ,200, 
mfeat-fourier_5_9.csv,400, ,76, ,2, ,200, ,200, 
mfeat-fourier_6_7.csv,400, ,76, ,2, ,200, ,200, 
mfeat-fourier_6_8.csv,400, ,76, ,2, ,200, ,200, 
mfeat-fourier_6_9.csv,400, ,76, ,2, ,200, ,200, 
mfeat-fourier_7_8.csv,400, ,76, ,2, ,200, ,200, 
mfeat-fourier_7_9.csv,400, ,76, ,2, ,200, ,200, 
mfeat-fourier_8_9.csv,400, ,76, ,2, ,200, ,200, 
mfeat-karhunen_0_1.csv,400, ,64, ,2, ,200, ,200, 
mfeat-karhunen_0_2.csv,400, ,64, ,2, ,200, ,200, 
mfeat-karhunen_0_3.csv,400, ,64, ,2, ,200, ,200, 
mfeat-karhunen_0_4.csv,400, ,64, ,2, ,200, ,200, 
mfeat-karhunen_0_5.csv,400, ,64, ,2, ,200, ,200, 
mfeat-karhunen_0_6.csv,400, ,64, ,2, ,200, ,200, 
mfeat-karhunen_0_7.csv,400, ,64, ,2, ,200, ,200, 
mfeat-karhunen_0_8.csv,400, ,64, ,2, ,200, ,200, 
mfeat-karhunen_0_9.csv,400, ,64, ,2, ,200, ,200, 
mfeat-karhunen_1_2.csv,400, ,64, ,2, ,200, ,200, 
mfeat-karhunen_1_3.csv,400, ,64, ,2, ,200, ,200, 
mfeat-karhunen_1_4.csv,400, ,64, ,2, ,200, ,200, 
mfeat-karhunen_1_5.csv,400, ,64, ,2, ,200, ,200, 
mfeat-karhunen_1_6.csv,400, ,64, ,2, ,200, ,200, 
mfeat-karhunen_1_7.csv,400, ,64, ,2, ,200, ,200, 
mfeat-karhunen_1_8.csv,400, ,64, ,2, ,200, ,200, 
mfeat-karhunen_1_9.csv,400, ,64, ,2, ,200, ,200, 
mfeat-karhunen_2_3.csv,400, ,64, ,2, ,200, ,200, 
mfeat-karhunen_2_4.csv,400, ,64, ,2, ,200, ,200, 
mfeat-karhunen_2_5.csv,400, ,64, ,2, ,200, ,200, 
mfeat-karhunen_2_6.csv,400, ,64, ,2, ,200, ,200, 
mfeat-karhunen_2_7.csv,400, ,64, ,2, ,200, ,200, 
mfeat-karhunen_2_8.csv,400, ,64, ,2, ,200, ,200, 
mfeat-karhunen_2_9.csv,400, ,64, ,2, ,200, ,200, 
mfeat-karhunen_3_4.csv,400, ,64, ,2, ,200, ,200, 
mfeat-karhunen_3_5.csv,400, ,64, ,2, ,200, ,200, 
mfeat-karhunen_3_6.csv,400, ,64, ,2, ,200, ,200, 
mfeat-karhunen_3_7.csv,400, ,64, ,2, ,200, ,200, 
mfeat-karhunen_3_8.csv,400, ,64, ,2, ,200, ,200, 
mfeat-karhunen_3_9.csv,400, ,64, ,2, ,200, ,200, 
mfeat-karhunen_4_5.csv,400, ,64, ,2, ,200, ,200, 
mfeat-karhunen_4_6.csv,400, ,64, ,2, ,200, ,200, 
mfeat-karhunen_4_7.csv,400, ,64, ,2, ,200, ,200, 
mfeat-karhunen_4_8.csv,400, ,64, ,2, ,200, ,200, 
mfeat-karhunen_4_9.csv,400, ,64, ,2, ,200, ,200, 
mfeat-karhunen_5_6.csv,400, ,64, ,2, ,200, ,200, 
mfeat-karhunen_5_7.csv,400, ,64, ,2, ,200, ,200, 
mfeat-karhunen_5_8.csv,400, ,64, ,2, ,200, ,200, 
mfeat-karhunen_5_9.csv,400, ,64, ,2, ,200, ,200, 
mfeat-karhunen_6_7.csv,400, ,64, ,2, ,200, ,200, 
mfeat-karhunen_6_8.csv,400, ,64, ,2, ,200, ,200, 
mfeat-karhunen_6_9.csv,400, ,64, ,2, ,200, ,200, 
mfeat-karhunen_7_8.csv,400, ,64, ,2, ,200, ,200, 
mfeat-karhunen_7_9.csv,400, ,64, ,2, ,200, ,200, 
mfeat-karhunen_8_9.csv,400, ,64, ,2, ,200, ,200, 
mfeat-morphological_0_1.csv,400, ,6, ,2, ,200, ,200, 
mfeat-morphological_0_2.csv,400, ,6, ,2, ,200, ,200, 
mfeat-morphological_0_3.csv,400, ,6, ,2, ,200, ,200, 
mfeat-morphological_0_4.csv,400, ,6, ,2, ,200, ,200, 
mfeat-morphological_0_5.csv,400, ,6, ,2, ,200, ,200, 
mfeat-morphological_0_6.csv,400, ,6, ,2, ,200, ,200, 
mfeat-morphological_0_7.csv,400, ,6, ,2, ,200, ,200, 
mfeat-morphological_0_8.csv,400, ,6, ,2, ,200, ,200, 
mfeat-morphological_0_9.csv,400, ,6, ,2, ,200, ,200, 
mfeat-morphological_1_2.csv,400, ,6, ,2, ,200, ,200, 
mfeat-morphological_1_3.csv,400, ,6, ,2, ,200, ,200, 
mfeat-morphological_1_4.csv,400, ,6, ,2, ,200, ,200, 
mfeat-morphological_1_5.csv,400, ,6, ,2, ,200, ,200, 
mfeat-morphological_1_6.csv,400, ,6, ,2, ,200, ,200, 
mfeat-morphological_1_7.csv,400, ,6, ,2, ,200, ,200, 
mfeat-morphological_1_8.csv,400, ,6, ,2, ,200, ,200, 
mfeat-morphological_1_9.csv,400, ,6, ,2, ,200, ,200, 
mfeat-morphological_2_3.csv,400, ,6, ,2, ,200, ,200, 
mfeat-morphological_2_4.csv,400, ,6, ,2, ,200, ,200, 
mfeat-morphological_2_5.csv,400, ,6, ,2, ,200, ,200, 
mfeat-morphological_2_6.csv,400, ,6, ,2, ,200, ,200, 
mfeat-morphological_2_7.csv,400, ,6, ,2, ,200, ,200, 
mfeat-morphological_2_8.csv,400, ,6, ,2, ,200, ,200, 
mfeat-morphological_2_9.csv,400, ,6, ,2, ,200, ,200, 
mfeat-morphological_3_4.csv,400, ,6, ,2, ,200, ,200, 
mfeat-morphological_3_5.csv,400, ,6, ,2, ,200, ,200, 
mfeat-morphological_3_6.csv,400, ,6, ,2, ,200, ,200, 
mfeat-morphological_3_7.csv,400, ,6, ,2, ,200, ,200, 
mfeat-morphological_3_8.csv,400, ,6, ,2, ,200, ,200, 
mfeat-morphological_3_9.csv,400, ,6, ,2, ,200, ,200, 
mfeat-morphological_4_5.csv,400, ,6, ,2, ,200, ,200, 
mfeat-morphological_4_6.csv,400, ,6, ,2, ,200, ,200, 
mfeat-morphological_4_7.csv,400, ,6, ,2, ,200, ,200, 
mfeat-morphological_4_8.csv,400, ,6, ,2, ,200, ,200, 
mfeat-morphological_4_9.csv,400, ,6, ,2, ,200, ,200, 
mfeat-morphological_5_6.csv,400, ,6, ,2, ,200, ,200, 
mfeat-morphological_5_7.csv,400, ,6, ,2, ,200, ,200, 
mfeat-morphological_5_8.csv,400, ,6, ,2, ,200, ,200, 
mfeat-morphological_5_9.csv,400, ,6, ,2, ,200, ,200, 
mfeat-morphological_6_7.csv,400, ,6, ,2, ,200, ,200, 
mfeat-morphological_6_8.csv,400, ,6, ,2, ,200, ,200, 
mfeat-morphological_6_9.csv,400, ,6, ,2, ,200, ,200, 
mfeat-morphological_7_8.csv,400, ,6, ,2, ,200, ,200, 
mfeat-morphological_7_9.csv,400, ,6, ,2, ,200, ,200, 
mfeat-morphological_8_9.csv,400, ,6, ,2, ,200, ,200, 
mfeat-pixel_0_1.csv,400, ,240, ,2, ,200, ,200, 
mfeat-pixel_0_2.csv,400, ,240, ,2, ,200, ,200, 
mfeat-pixel_0_3.csv,400, ,240, ,2, ,200, ,200, 
mfeat-pixel_0_4.csv,400, ,240, ,2, ,200, ,200, 
mfeat-pixel_0_5.csv,400, ,240, ,2, ,200, ,200, 
mfeat-pixel_0_6.csv,400, ,240, ,2, ,200, ,200, 
mfeat-pixel_0_7.csv,400, ,240, ,2, ,200, ,200, 
mfeat-pixel_0_8.csv,400, ,240, ,2, ,200, ,200, 
mfeat-pixel_0_9.csv,400, ,240, ,2, ,200, ,200, 
mfeat-pixel_1_2.csv,400, ,240, ,2, ,200, ,200, 
mfeat-pixel_1_3.csv,400, ,240, ,2, ,200, ,200, 
mfeat-pixel_1_4.csv,400, ,240, ,2, ,200, ,200, 
mfeat-pixel_1_5.csv,400, ,240, ,2, ,200, ,200, 
mfeat-pixel_1_6.csv,400, ,240, ,2, ,200, ,200, 
mfeat-pixel_1_7.csv,400, ,240, ,2, ,200, ,200, 
mfeat-pixel_1_8.csv,400, ,240, ,2, ,200, ,200, 
mfeat-pixel_1_9.csv,400, ,240, ,2, ,200, ,200, 
mfeat-pixel_2_3.csv,400, ,240, ,2, ,200, ,200, 
mfeat-pixel_2_4.csv,400, ,240, ,2, ,200, ,200, 
mfeat-pixel_2_5.csv,400, ,240, ,2, ,200, ,200, 
mfeat-pixel_2_6.csv,400, ,240, ,2, ,200, ,200, 
mfeat-pixel_2_7.csv,400, ,240, ,2, ,200, ,200, 
mfeat-pixel_2_8.csv,400, ,240, ,2, ,200, ,200, 
mfeat-pixel_2_9.csv,400, ,240, ,2, ,200, ,200, 
mfeat-pixel_3_4.csv,400, ,240, ,2, ,200, ,200, 
mfeat-pixel_3_5.csv,400, ,240, ,2, ,200, ,200, 
mfeat-pixel_3_6.csv,400, ,240, ,2, ,200, ,200, 
mfeat-pixel_3_7.csv,400, ,240, ,2, ,200, ,200, 
mfeat-pixel_3_8.csv,400, ,240, ,2, ,200, ,200, 
mfeat-pixel_3_9.csv,400, ,240, ,2, ,200, ,200, 
mfeat-pixel_4_5.csv,400, ,240, ,2, ,200, ,200, 
mfeat-pixel_4_6.csv,400, ,240, ,2, ,200, ,200, 
mfeat-pixel_4_7.csv,400, ,240, ,2, ,200, ,200, 
mfeat-pixel_4_8.csv,400, ,240, ,2, ,200, ,200, 
mfeat-pixel_4_9.csv,400, ,240, ,2, ,200, ,200, 
mfeat-pixel_5_6.csv,400, ,240, ,2, ,200, ,200, 
mfeat-pixel_5_7.csv,400, ,240, ,2, ,200, ,200, 
mfeat-pixel_5_8.csv,400, ,240, ,2, ,200, ,200, 
mfeat-pixel_5_9.csv,400, ,240, ,2, ,200, ,200, 
mfeat-pixel_6_7.csv,400, ,240, ,2, ,200, ,200, 
mfeat-pixel_6_8.csv,400, ,240, ,2, ,200, ,200, 
mfeat-pixel_6_9.csv,400, ,240, ,2, ,200, ,200, 
mfeat-pixel_7_8.csv,400, ,240, ,2, ,200, ,200, 
mfeat-pixel_7_9.csv,400, ,240, ,2, ,200, ,200, 
mfeat-pixel_8_9.csv,400, ,240, ,2, ,200, ,200, 
mfeat-zernike_0_1.csv,400, ,47, ,2, ,200, ,200, 
mfeat-zernike_0_2.csv,400, ,47, ,2, ,200, ,200, 
mfeat-zernike_0_3.csv,400, ,47, ,2, ,200, ,200, 
mfeat-zernike_0_4.csv,400, ,47, ,2, ,200, ,200, 
mfeat-zernike_0_5.csv,400, ,47, ,2, ,200, ,200, 
mfeat-zernike_0_6.csv,400, ,47, ,2, ,200, ,200, 
mfeat-zernike_0_7.csv,400, ,47, ,2, ,200, ,200, 
mfeat-zernike_0_8.csv,400, ,47, ,2, ,200, ,200, 
mfeat-zernike_0_9.csv,400, ,47, ,2, ,200, ,200, 
mfeat-zernike_1_2.csv,400, ,47, ,2, ,200, ,200, 
mfeat-zernike_1_3.csv,400, ,47, ,2, ,200, ,200, 
mfeat-zernike_1_4.csv,400, ,47, ,2, ,200, ,200, 
mfeat-zernike_1_5.csv,400, ,47, ,2, ,200, ,200, 
mfeat-zernike_1_6.csv,400, ,47, ,2, ,200, ,200, 
mfeat-zernike_1_7.csv,400, ,47, ,2, ,200, ,200, 
mfeat-zernike_1_8.csv,400, ,47, ,2, ,200, ,200, 
mfeat-zernike_1_9.csv,400, ,47, ,2, ,200, ,200, 
mfeat-zernike_2_3.csv,400, ,47, ,2, ,200, ,200, 
mfeat-zernike_2_4.csv,400, ,47, ,2, ,200, ,200, 
mfeat-zernike_2_5.csv,400, ,47, ,2, ,200, ,200, 
mfeat-zernike_2_6.csv,400, ,47, ,2, ,200, ,200, 
mfeat-zernike_2_7.csv,400, ,47, ,2, ,200, ,200, 
mfeat-zernike_2_8.csv,400, ,47, ,2, ,200, ,200, 
mfeat-zernike_2_9.csv,400, ,47, ,2, ,200, ,200, 
mfeat-zernike_3_4.csv,400, ,47, ,2, ,200, ,200, 
mfeat-zernike_3_5.csv,400, ,47, ,2, ,200, ,200, 
mfeat-zernike_3_6.csv,400, ,47, ,2, ,200, ,200, 
mfeat-zernike_3_7.csv,400, ,47, ,2, ,200, ,200, 
mfeat-zernike_3_8.csv,400, ,47, ,2, ,200, ,200, 
mfeat-zernike_3_9.csv,400, ,47, ,2, ,200, ,200, 
mfeat-zernike_4_5.csv,400, ,47, ,2, ,200, ,200, 
mfeat-zernike_4_6.csv,400, ,47, ,2, ,200, ,200, 
mfeat-zernike_4_7.csv,400, ,47, ,2, ,200, ,200, 
mfeat-zernike_4_8.csv,400, ,47, ,2, ,200, ,200, 
mfeat-zernike_4_9.csv,400, ,47, ,2, ,200, ,200, 
mfeat-zernike_5_6.csv,400, ,47, ,2, ,200, ,200, 
mfeat-zernike_5_7.csv,400, ,47, ,2, ,200, ,200, 
mfeat-zernike_5_8.csv,400, ,47, ,2, ,200, ,200, 
mfeat-zernike_5_9.csv,400, ,47, ,2, ,200, ,200, 
mfeat-zernike_6_7.csv,400, ,47, ,2, ,200, ,200, 
mfeat-zernike_6_8.csv,400, ,47, ,2, ,200, ,200, 
mfeat-zernike_6_9.csv,400, ,47, ,2, ,200, ,200, 
mfeat-zernike_7_8.csv,400, ,47, ,2, ,200, ,200, 
mfeat-zernike_7_9.csv,400, ,47, ,2, ,200, ,200, 
mfeat-zernike_8_9.csv,400, ,47, ,2, ,200, ,200, 
mushroom.csv,5644, ,22, ,2, ,3488, ,2156, 
nursery_0_1.csv,4322, ,8, ,2, ,4320, ,2, 
nursery_0_2.csv,4648, ,8, ,2, ,4320, ,328, 
nursery_0_3.csv,8586, ,8, ,2, ,4320, ,4266, 
nursery_0_4.csv,8364, ,8, ,2, ,4320, ,4044, 
nursery_1_2.csv,330, ,8, ,2, ,2, ,328, 
nursery_1_3.csv,4268, ,8, ,2, ,2, ,4266, 
nursery_1_4.csv,4046, ,8, ,2, ,2, ,4044, 
nursery_2_3.csv,4594, ,8, ,2, ,328, ,4266, 
nursery_2_4.csv,4372, ,8, ,2, ,328, ,4044, 
nursery_3_4.csv,8310, ,8, ,2, ,4266, ,4044, 
optdigits_0_1.csv,1125, ,64, ,2, ,554, ,571, 
optdigits_0_2.csv,1111, ,64, ,2, ,554, ,557, 
optdigits_0_3.csv,1126, ,64, ,2, ,554, ,572, 
optdigits_0_4.csv,1122, ,64, ,2, ,554, ,568, 
optdigits_0_5.csv,1112, ,64, ,2, ,554, ,558, 
optdigits_0_6.csv,1112, ,64, ,2, ,554, ,558, 
optdigits_0_7.csv,1120, ,64, ,2, ,554, ,566, 
optdigits_0_8.csv,1108, ,64, ,2, ,554, ,554, 
optdigits_0_9.csv,1116, ,64, ,2, ,554, ,562, 
optdigits_1_2.csv,1128, ,64, ,2, ,571, ,557, 
optdigits_1_3.csv,1143, ,64, ,2, ,571, ,572, 
optdigits_1_4.csv,1139, ,64, ,2, ,571, ,568, 
optdigits_1_5.csv,1129, ,64, ,2, ,571, ,558, 
optdigits_1_6.csv,1129, ,64, ,2, ,571, ,558, 
optdigits_1_7.csv,1137, ,64, ,2, ,571, ,566, 
optdigits_1_8.csv,1125, ,64, ,2, ,571, ,554, 
optdigits_1_9.csv,1133, ,64, ,2, ,571, ,562, 
optdigits_2_3.csv,1129, ,64, ,2, ,557, ,572, 
optdigits_2_4.csv,1125, ,64, ,2, ,557, ,568, 
optdigits_2_5.csv,1115, ,64, ,2, ,557, ,558, 
optdigits_2_6.csv,1115, ,64, ,2, ,557, ,558, 
optdigits_2_7.csv,1123, ,64, ,2, ,557, ,566, 
optdigits_2_8.csv,1111, ,64, ,2, ,557, ,554, 
optdigits_2_9.csv,1119, ,64, ,2, ,557, ,562, 
optdigits_3_4.csv,1140, ,64, ,2, ,572, ,568, 
optdigits_3_5.csv,1130, ,64, ,2, ,572, ,558, 
optdigits_3_6.csv,1130, ,64, ,2, ,572, ,558, 
optdigits_3_7.csv,1138, ,64, ,2, ,572, ,566, 
optdigits_3_8.csv,1126, ,64, ,2, ,572, ,554, 
optdigits_3_9.csv,1134, ,64, ,2, ,572, ,562, 
optdigits_4_5.csv,1126, ,64, ,2, ,568, ,558, 
optdigits_4_6.csv,1126, ,64, ,2, ,568, ,558, 
optdigits_4_7.csv,1134, ,64, ,2, ,568, ,566, 
optdigits_4_8.csv,1122, ,64, ,2, ,568, ,554, 
optdigits_4_9.csv,1130, ,64, ,2, ,568, ,562, 
optdigits_5_6.csv,1116, ,64, ,2, ,558, ,558, 
optdigits_5_7.csv,1124, ,64, ,2, ,558, ,566, 
optdigits_5_8.csv,1112, ,64, ,2, ,558, ,554, 
optdigits_5_9.csv,1120, ,64, ,2, ,558, ,562, 
optdigits_6_7.csv,1124, ,64, ,2, ,558, ,566, 
optdigits_6_8.csv,1112, ,64, ,2, ,558, ,554, 
optdigits_6_9.csv,1120, ,64, ,2, ,558, ,562, 
optdigits_7_8.csv,1120, ,64, ,2, ,566, ,554, 
optdigits_7_9.csv,1128, ,64, ,2, ,566, ,562, 
optdigits_8_9.csv,1116, ,64, ,2, ,554, ,562, 
page-blocks_0_1.csv,5242, ,10, ,2, ,4913, ,329, 
page-blocks_0_2.csv,4941, ,10, ,2, ,4913, ,28, 
page-blocks_0_3.csv,5001, ,10, ,2, ,4913, ,88, 
page-blocks_0_4.csv,5028, ,10, ,2, ,4913, ,115, 
page-blocks_1_2.csv,357, ,10, ,2, ,329, ,28, 
page-blocks_1_3.csv,417, ,10, ,2, ,329, ,88, 
page-blocks_1_4.csv,444, ,10, ,2, ,329, ,115, 
page-blocks_2_3.csv,116, ,10, ,2, ,28, ,88, 
page-blocks_2_4.csv,143, ,10, ,2, ,28, ,115, 
page-blocks_3_4.csv,203, ,10, ,2, ,88, ,115, 
pendigits_0_1.csv,2286, ,16, ,2, ,1143, ,1143, 
pendigits_0_2.csv,2287, ,16, ,2, ,1143, ,1144, 
pendigits_0_3.csv,2198, ,16, ,2, ,1143, ,1055, 
pendigits_0_4.csv,2287, ,16, ,2, ,1143, ,1144, 
pendigits_0_5.csv,2198, ,16, ,2, ,1143, ,1055, 
pendigits_0_6.csv,2199, ,16, ,2, ,1143, ,1056, 
pendigits_0_7.csv,2285, ,16, ,2, ,1143, ,1142, 
pendigits_0_8.csv,2198, ,16, ,2, ,1143, ,1055, 
pendigits_0_9.csv,2198, ,16, ,2, ,1143, ,1055, 
pendigits_1_2.csv,2287, ,16, ,2, ,1143, ,1144, 
pendigits_1_3.csv,2198, ,16, ,2, ,1143, ,1055, 
pendigits_1_4.csv,2287, ,16, ,2, ,1143, ,1144, 
pendigits_1_5.csv,2198, ,16, ,2, ,1143, ,1055, 
pendigits_1_6.csv,2199, ,16, ,2, ,1143, ,1056, 
pendigits_1_7.csv,2285, ,16, ,2, ,1143, ,1142, 
pendigits_1_8.csv,2198, ,16, ,2, ,1143, ,1055, 
pendigits_1_9.csv,2198, ,16, ,2, ,1143, ,1055, 
pendigits_2_3.csv,2199, ,16, ,2, ,1144, ,1055, 
pendigits_2_4.csv,2288, ,16, ,2, ,1144, ,1144, 
pendigits_2_5.csv,2199, ,16, ,2, ,1144, ,1055, 
pendigits_2_6.csv,2200, ,16, ,2, ,1144, ,1056, 
pendigits_2_7.csv,2286, ,16, ,2, ,1144, ,1142, 
pendigits_2_8.csv,2199, ,16, ,2, ,1144, ,1055, 
pendigits_2_9.csv,2199, ,16, ,2, ,1144, ,1055, 
pendigits_3_4.csv,2199, ,16, ,2, ,1055, ,1144, 
pendigits_3_5.csv,2110, ,16, ,2, ,1055, ,1055, 
pendigits_3_6.csv,2111, ,16, ,2, ,1055, ,1056, 
pendigits_3_7.csv,2197, ,16, ,2, ,1055, ,1142, 
pendigits_3_8.csv,2110, ,16, ,2, ,1055, ,1055, 
pendigits_3_9.csv,2110, ,16, ,2, ,1055, ,1055, 
pendigits_4_5.csv,2199, ,16, ,2, ,1144, ,1055, 
pendigits_4_6.csv,2200, ,16, ,2, ,1144, ,1056, 
pendigits_4_7.csv,2286, ,16, ,2, ,1144, ,1142, 
pendigits_4_8.csv,2199, ,16, ,2, ,1144, ,1055, 
pendigits_4_9.csv,2199, ,16, ,2, ,1144, ,1055, 
pendigits_5_6.csv,2111, ,16, ,2, ,1055, ,1056, 
pendigits_5_7.csv,2197, ,16, ,2, ,1055, ,1142, 
pendigits_5_8.csv,2110, ,16, ,2, ,1055, ,1055, 
pendigits_5_9.csv,2110, ,16, ,2, ,1055, ,1055, 
pendigits_6_7.csv,2198, ,16, ,2, ,1056, ,1142, 
pendigits_6_8.csv,2111, ,16, ,2, ,1056, ,1055, 
pendigits_6_9.csv,2111, ,16, ,2, ,1056, ,1055, 
pendigits_7_8.csv,2197, ,16, ,2, ,1142, ,1055, 
pendigits_7_9.csv,2197, ,16, ,2, ,1142, ,1055, 
pendigits_8_9.csv,2110, ,16, ,2, ,1055, ,1055, 
satimage_0_1.csv,2234, ,36, ,2, ,1531, ,703, 
satimage_0_2.csv,2887, ,36, ,2, ,1531, ,1356, 
satimage_0_3.csv,2156, ,36, ,2, ,1531, ,625, 
satimage_0_4.csv,2238, ,36, ,2, ,1531, ,707, 
satimage_0_5.csv,3039, ,36, ,2, ,1531, ,1508, 
satimage_1_2.csv,2059, ,36, ,2, ,703, ,1356, 
satimage_1_3.csv,1328, ,36, ,2, ,703, ,625, 
satimage_1_4.csv,1410, ,36, ,2, ,703, ,707, 
satimage_1_5.csv,2211, ,36, ,2, ,703, ,1508, 
satimage_2_3.csv,1981, ,36, ,2, ,1356, ,625, 
satimage_2_4.csv,2063, ,36, ,2, ,1356, ,707, 
satimage_2_5.csv,2864, ,36, ,2, ,1356, ,1508, 
satimage_3_4.csv,1332, ,36, ,2, ,625, ,707, 
satimage_3_5.csv,2133, ,36, ,2, ,625, ,1508, 
satimage_4_5.csv,2215, ,36, ,2, ,707, ,1508, 
segment_0_1.csv,660, ,19, ,2, ,330, ,330, 
segment_0_2.csv,660, ,19, ,2, ,330, ,330, 
segment_0_3.csv,660, ,19, ,2, ,330, ,330, 
segment_0_4.csv,660, ,19, ,2, ,330, ,330, 
segment_0_5.csv,660, ,19, ,2, ,330, ,330, 
segment_0_6.csv,660, ,19, ,2, ,330, ,330, 
segment_1_2.csv,660, ,19, ,2, ,330, ,330, 
segment_1_3.csv,660, ,19, ,2, ,330, ,330, 
segment_1_4.csv,660, ,19, ,2, ,330, ,330, 
segment_1_5.csv,660, ,19, ,2, ,330, ,330, 
segment_1_6.csv,660, ,19, ,2, ,330, ,330, 
segment_2_3.csv,660, ,19, ,2, ,330, ,330, 
segment_2_4.csv,660, ,19, ,2, ,330, ,330, 
segment_2_5.csv,660, ,19, ,2, ,330, ,330, 
segment_2_6.csv,660, ,19, ,2, ,330, ,330, 
segment_3_4.csv,660, ,19, ,2, ,330, ,330, 
segment_3_5.csv,660, ,19, ,2, ,330, ,330, 
segment_3_6.csv,660, ,19, ,2, ,330, ,330, 
segment_4_5.csv,660, ,19, ,2, ,330, ,330, 
segment_4_6.csv,660, ,19, ,2, ,330, ,330, 
segment_5_6.csv,660, ,19, ,2, ,330, ,330, 
solar-flare_0_1.csv,499, ,12, ,2, ,212, ,287, 
solar-flare_0_2.csv,539, ,12, ,2, ,212, ,327, 
solar-flare_0_3.csv,328, ,12, ,2, ,212, ,116, 
solar-flare_0_4.csv,263, ,12, ,2, ,212, ,51, 
solar-flare_0_5.csv,608, ,12, ,2, ,212, ,396, 
solar-flare_1_2.csv,614, ,12, ,2, ,287, ,327, 
solar-flare_1_3.csv,403, ,12, ,2, ,287, ,116, 
solar-flare_1_4.csv,338, ,12, ,2, ,287, ,51, 
solar-flare_1_5.csv,683, ,12, ,2, ,287, ,396, 
solar-flare_2_3.csv,443, ,12, ,2, ,327, ,116, 
solar-flare_2_4.csv,378, ,12, ,2, ,327, ,51, 
solar-flare_2_5.csv,723, ,12, ,2, ,327, ,396, 
solar-flare_3_4.csv,167, ,12, ,2, ,116, ,51, 
solar-flare_3_5.csv,512, ,12, ,2, ,116, ,396, 
solar-flare_4_5.csv,447, ,12, ,2, ,51, ,396, 
sonar.csv,208, ,60, ,2, ,97, ,111, 
spambase.csv,4601, ,57, ,2, ,2788, ,1813, 
splice_0_1.csv,1535, ,60, ,2, ,767, ,768, 
splice_0_2.csv,2422, ,60, ,2, ,767, ,1655, 
splice_1_2.csv,2423, ,60, ,2, ,768, ,1655, 
tic-tac-toe.csv,958, ,9, ,2, ,332, ,626, 
vehicle_0_1.csv,429, ,18, ,2, ,212, ,217, 
vehicle_0_2.csv,430, ,18, ,2, ,212, ,218, 
vehicle_0_3.csv,411, ,18, ,2, ,212, ,199, 
vehicle_1_2.csv,435, ,18, ,2, ,217, ,218, 
vehicle_1_3.csv,416, ,18, ,2, ,217, ,199, 
vehicle_2_3.csv,417, ,18, ,2, ,218, ,199, 
vote.csv,232, ,16, ,2, ,124, ,108, 
vowel_0_1.csv,180, ,13, ,2, ,90, ,90, 
vowel_0_10.csv,180, ,13, ,2, ,90, ,90, 
vowel_0_2.csv,180, ,13, ,2, ,90, ,90, 
vowel_0_3.csv,180, ,13, ,2, ,90, ,90, 
vowel_0_4.csv,180, ,13, ,2, ,90, ,90, 
vowel_0_5.csv,180, ,13, ,2, ,90, ,90, 
vowel_0_6.csv,180, ,13, ,2, ,90, ,90, 
vowel_0_7.csv,180, ,13, ,2, ,90, ,90, 
vowel_0_8.csv,180, ,13, ,2, ,90, ,90, 
vowel_0_9.csv,180, ,13, ,2, ,90, ,90, 
vowel_1_10.csv,180, ,13, ,2, ,90, ,90, 
vowel_1_2.csv,180, ,13, ,2, ,90, ,90, 
vowel_1_3.csv,180, ,13, ,2, ,90, ,90, 
vowel_1_4.csv,180, ,13, ,2, ,90, ,90, 
vowel_1_5.csv,180, ,13, ,2, ,90, ,90, 
vowel_1_6.csv,180, ,13, ,2, ,90, ,90, 
vowel_1_7.csv,180, ,13, ,2, ,90, ,90, 
vowel_1_8.csv,180, ,13, ,2, ,90, ,90, 
vowel_1_9.csv,180, ,13, ,2, ,90, ,90, 
vowel_2_10.csv,180, ,13, ,2, ,90, ,90, 
vowel_2_3.csv,180, ,13, ,2, ,90, ,90, 
vowel_2_4.csv,180, ,13, ,2, ,90, ,90, 
vowel_2_5.csv,180, ,13, ,2, ,90, ,90, 
vowel_2_6.csv,180, ,13, ,2, ,90, ,90, 
vowel_2_7.csv,180, ,13, ,2, ,90, ,90, 
vowel_2_8.csv,180, ,13, ,2, ,90, ,90, 
vowel_2_9.csv,180, ,13, ,2, ,90, ,90, 
vowel_3_10.csv,180, ,13, ,2, ,90, ,90, 
vowel_3_4.csv,180, ,13, ,2, ,90, ,90, 
vowel_3_5.csv,180, ,13, ,2, ,90, ,90, 
vowel_3_6.csv,180, ,13, ,2, ,90, ,90, 
vowel_3_7.csv,180, ,13, ,2, ,90, ,90, 
vowel_3_8.csv,180, ,13, ,2, ,90, ,90, 
vowel_3_9.csv,180, ,13, ,2, ,90, ,90, 
vowel_4_10.csv,180, ,13, ,2, ,90, ,90, 
vowel_4_5.csv,180, ,13, ,2, ,90, ,90, 
vowel_4_6.csv,180, ,13, ,2, ,90, ,90, 
vowel_4_7.csv,180, ,13, ,2, ,90, ,90, 
vowel_4_8.csv,180, ,13, ,2, ,90, ,90, 
vowel_4_9.csv,180, ,13, ,2, ,90, ,90, 
vowel_5_10.csv,180, ,13, ,2, ,90, ,90, 
vowel_5_6.csv,180, ,13, ,2, ,90, ,90, 
vowel_5_7.csv,180, ,13, ,2, ,90, ,90, 
vowel_5_8.csv,180, ,13, ,2, ,90, ,90, 
vowel_5_9.csv,180, ,13, ,2, ,90, ,90, 
vowel_6_10.csv,180, ,13, ,2, ,90, ,90, 
vowel_6_7.csv,180, ,13, ,2, ,90, ,90, 
vowel_6_8.csv,180, ,13, ,2, ,90, ,90, 
vowel_6_9.csv,180, ,13, ,2, ,90, ,90, 
vowel_7_10.csv,180, ,13, ,2, ,90, ,90, 
vowel_7_8.csv,180, ,13, ,2, ,90, ,90, 
vowel_7_9.csv,180, ,13, ,2, ,90, ,90, 
vowel_8_10.csv,180, ,13, ,2, ,90, ,90, 
vowel_8_9.csv,180, ,13, ,2, ,90, ,90, 
vowel_9_10.csv,180, ,13, ,2, ,90, ,90, 
waveform-5000_0_1.csv,3345, ,40, ,2, ,1692, ,1653, 
waveform-5000_0_2.csv,3347, ,40, ,2, ,1692, ,1655, 
waveform-5000_1_2.csv,3308, ,40, ,2, ,1653, ,1655, 
wine_0_1.csv,130, ,13, ,2, ,59, ,71, 
wine_0_2.csv,107, ,13, ,2, ,59, ,48, 
wine_1_2.csv,119, ,13, ,2, ,71, ,48, 
zoo_0_1.csv,61, ,17, ,2, ,41, ,20, 
zoo_0_2.csv,46, ,17, ,2, ,41, ,5, 
zoo_0_3.csv,54, ,17, ,2, ,41, ,13, 
zoo_0_4.csv,45, ,17, ,2, ,41, ,4, 
zoo_0_5.csv,49, ,17, ,2, ,41, ,8, 
zoo_0_6.csv,51, ,17, ,2, ,41, ,10, 
zoo_1_2.csv,25, ,17, ,2, ,20, ,5, 
zoo_1_3.csv,33, ,17, ,2, ,20, ,13, 
zoo_1_4.csv,24, ,17, ,2, ,20, ,4, 
zoo_1_5.csv,28, ,17, ,2, ,20, ,8, 
zoo_1_6.csv,30, ,17, ,2, ,20, ,10, 
zoo_2_3.csv,18, ,17, ,2, ,5, ,13, 
zoo_2_4.csv,9, ,17, ,2, ,5, ,4, 
zoo_2_5.csv,13, ,17, ,2, ,5, ,8, 
zoo_2_6.csv,15, ,17, ,2, ,5, ,10, 
zoo_3_4.csv,17, ,17, ,2, ,13, ,4, 
zoo_3_5.csv,21, ,17, ,2, ,13, ,8, 
zoo_3_6.csv,23, ,17, ,2, ,13, ,10, 
zoo_4_5.csv,12, ,17, ,2, ,4, ,8, 
zoo_4_6.csv,14, ,17, ,2, ,4, ,10, 
zoo_5_6.csv,18, ,17, ,2, ,8, ,10, 
